{
    "handler": [
        {
            "rendercoverScene": {
            	"module":"CoverScene",
            	"Downloadable":"1",
            	"ConnectivityReq":"0"
            },
            "rendervideoScene": {
            	"module":"VideoScene",
            	"Downloadable":"1",
            	"ConnectivityReq":"0"
            },
            "rendersandBoxScene": {
            	"module":"SandboxScene",
            	"Downloadable":"1",
            	"ConnectivityReq":"0"
            },
            "renderquizScene": {
            	"module":"QuizScene",
            	"Downloadable":"0",
            	"ConnectivityReq":"1"
            },
            "showQuiz_CK12": {
            	"module":"CK12QuizQuestions",
            	"Downloadable":"0",
            	"ConnectivityReq":"1"
            },
            "showQuiz_community": {
            	"module":"CommunityQuizQuestions",
            	"Downloadable":"0",
            	"ConnectivityReq":"1"
            },
            "showQuiz_attempted": {
            	"module":"AttemptedQuiz",
            	"Downloadable":"0",
            	"ConnectivityReq":"1"
            },
            "showCreateQuizView": {
            	"module":"CreateQuiz",
            	"Downloadable":"0",
            	"ConnectivityReq":"1"
            },
            "renderrweScene": {
            	"module":"RWEScene",
            	"Downloadable":"1",
            	"ConnectivityReq":"0"
            },
            "showRWE_CK12": {
            	"module":"CK12RWE",
            	"Downloadable":"1",
            	"ConnectivityReq":"0"
            },
            "addNewExample": {
            	"module":"CreateRWE",
            	"Downloadable":"0",
            	"ConnectivityReq":"1"
            },
            "showRWE_community": {
            	"module":"CommunityRWE",
            	"Downloadable":"0",
            	"ConnectivityReq":"1"
            },
            "showWalkThrough": {
            	"module":"WalkthroughVideo",
            	"Downloadable":"0",
            	"ConnectivityReq":"1"
            },
            "showFeedbackView": {
            	"module":"Feedback",
            	"Downloadable":"0",
            	"ConnectivityReq":"1"
            },
            "showReportIssue": {
            	"module":"ReportIssue",
            	"Downloadable":"0",
            	"ConnectivityReq":"1"
            },
            "showConcepts": {
            	"module":"ConceptNames",
            	"Downloadable":"1",
            	"ConnectivityReq":"0"
            },
            "openConceptIframe": {
            	"module":"ConceptCK12Page",
            	"Downloadable":"0",
            	"ConnectivityReq":"1"
            },
            "showAbout": {
            	"module":"AboutView",
            	"Downloadable":"1",
            	"ConnectivityReq":"0"
            },
            "openChallenges": {
            	"module":"ChallengeMe",
            	"Downloadable":"1",
            	"ConnectivityReq":"0"
            },
            "share": {
            	"module":"share",
            	"Downloadable":"0",
            	"ConnectivityReq":"1"
            }
        }
    ]
}